Code,Parent Code,Full Code,Meaning,User Sort Order,Effective From Date,Effective To Date,Usage Guidelines,Notes,SortPolicyOrder
,,,,,,,,,
AA06,,AA06,Animals and Animal Products (Import and Export) (England) Regulations 2006,,,,,,AA06
AA60,,AA60,Abandonment of Animals Act 1960,,,,,,AA60
AA97,,AA97,Animals & Animal Products (Examination for Residues & Maximum Residue Limits) Regulation 1997,,,,,,AA97
AB03,,AB03,Animal By-Products Regulations 2003,,,,,,AB03
AB05,,AB05,Animal By-Products Regulations 2005,,,,,,AB05
AB63,,AB63,Animal Boarding Establishments Act 1963,,,,,,AB63
AC02,,AC02,Adoption and Children Act 2002,,,,,,AC02
AC95,,AC95,Activity Centres (Young Persons Safety) Act 1995,,,,,,AC95
AD70,,AD70,Administration of Justice Act 1970,,,,,,AD70
AD76,,AD76,Adoption Act 1976,,,,,,AD76
AE71,,AE71,Attachment of Earnings Act 1971,,,,,,AE71
AF06,,AF06,Armed Forces Act 2006,,,,,,AF06
AG28,,AG28,Agricultural Credits Act 1928,,,,,,AG28
AG58,,AG58,Agricultural Marketing Act 1958,,,,,,AG58
AG67,,AG67,Agriculture Act 1967,,,,,,AG67
AG70,,AG70,Agriculture Act 1970,,,,,,AG70
AH64,,AH64,Agriculture and Horticulture Act 1964,,,,,,AH64
AI04,,AI04,"Asylum & Immigration (Treatment of Claimants, etc.) Act 2004",,,,,,AI04
AI55,,AI55,Air Force Act 1955,,,,,,AI55
AI86,,AI86,Airports Act 1986,,,,,,AI86
AI96,,AI96,Asylum and Immigration Act 1996,,,,,,AI96
AJ99,,AJ99,Access to Justice Act 1999,,,,,,AJ99
AL06,,AL06,Al-Qaida and Taliban (United Nations Measures) Order 2006,,,,,,AL06
AL19,,AL19,Aliens Restrictions (Amendment) Act1919,,,,,,AL19
AL22,,AL22,Allotments Act 1922,,,,,,AL22
AL79,,AL79,Alcoholic Liquor Duties Act 1979,,,,,,AL79
AM68,,AM68,Agriculture (Miscellaneous Provisions) Act 1968,,,,,,AM68
AN00,,AN00,Air Navigation Order 2000,,,,,,AN00
AN05,,AN05,Air Navigation Order 2005,,,,,,AN05
AN79,,AN79,Ancient Monuments and Archaeological Areas Act 1979,,,,,,AN79
AN81,,AN81,Animal Health Act 1981,,,,,,AN81
AN86,,AN86,Animals (Scientific Procedures Act) 1986,,,,,,AN86
AN95,,AN95,Air Navigation (No2) Order 1995,,,,,,AN95
AP03,,AP03,Products of Animal Origins (Third Country Imports)(E) Regs 2003,,,,,,AP03
AP04,,AP04,Animals and Animal Products (Import and Export) Regs 2004,,,,,,AP04
AP06,,AP06,Products of Animal Origins (Third Country Imports)(E) Regs 2006,,,,,,AP06
AP52,,AP52,Agricultural (Poisonous Substances) Act 1952,,,,,,AP52
AP62,,AP62,Animals (Cruel Poisons) Act 1962,,,,,,AP62
AR55,,AR55,Army Act 1955,,,,,,AR55
AS03,,AS03,Anti-social Behaviour Act 2003,,,,,,AS03
AT01,,AT01,"Anti-Terrorism, Crime & Security Act 2001",,,,,,AT01
AV82,,AV82,Aviation Security Act 1982,,,,,,AV82
AV90,,AV90,Aviation and Maritime Security Act 1990,,,,,,AV90
AW06,,AW06,Animal Welfare Act 2006,,,,,,AW06
BA07,,BA07,UK Borders Act 2007,,,,,,BA07
BA76,,BA76,Bail Act 1976,,,,,,BA76
BC90,,BC90,Broadcasting Act 1990,,,,,,BC90
BD53,,BD53,Births and Deaths Registration Act 1953,,,,,,BD53
BD73,,BD73,Breeding of Dogs 1973,,,,,,BD73
BD81,,BD81,Betting and Gaming Duties Act 1981,,,,,,BD81
BD91,,BD91,Breeding of Dogs Act 1991,,,,,,BD91
BE94,,BE94,Legislation Title Unknown,,,,,,BE94
BE99,,BE99,Bovine Spongiform Encephalopathy (Feeding Stuffs & Surveillance) Regulations 1999,,,,,,BE99
BG73,,BG73,Badgers Act 1973,,,,,,BG73
BG91,,BG91,Badgers (Further Protection) Act 1981,,,,,,BG91
BK14,,BK14,Bankruptcy Act 1914,,,,,,BK14
BK79,,BK79,Banking Act 1979,,,,,,BK79
BK87,,BK87,Banking Act 1987,,,,,,BK87
BL00,,BL00,Local Generic Byelaws,,,,,,BL00
BL63,,BL63,Betting Gaming and Lotteries Act 1963,,,,,,BL63
BN81,,BN81,British Nationality Act 1981,,,,,,BN81
BN85,,BN85,Business Names Act 1985,,,,,,BN85
BP08,,BP08,Business Protection from Misleading Marketing Regulations 2008,,,,,,BP08
BS99,,BS99,Breeding and Sale of Dogs (Welfare) Act 1999,,,,,,BS99
BT49,,BT49,British Transport Commission Act 1949,,,,,,BT49
BT62,,BT62,British Transport Commission Act 1962,,,,,,BT62
BT81,,BT81,British Telecommunications Act 1981,,,,,,BT81
BU57,,BU57,Burial Act 1857,,,,,,BU57
BU84,,BU84,Building Act 1984,,,,,,BU84
CA03,,CA03,Communications Act 2003,,,,,,CA03
CA05,,CA05,Commissioners for Revenue and Customs Act 2005,,,,,,CA05
CA06,,CA06,Children and Adoption Act 2006,,,,,,CA06
CA39,,CA39,Cancer Act 1939,,,,,,CA39
CA47,,CA47,Cemeteries Clauses Act 1847,,,,,,CA47
CA52,,CA52,Cockfighting Act 1952,,,,,,CA52
CA81,,CA81,Criminal Attempts Act 1981,,,,,,CA81
CA82,,CA82,Civil Aviation Act 1982,,,,,,CA82
CA85,,CA85,Cinemas Act 1985,,,,,,CA85
CA92,,CA92,Common Agricultural Policy (Protection of Community Arrangements) Reg's 1992,,,,,,CA92
CA93,,CA93,Clean Air Act 1993,,,,,,CA93
CA97,,CA97,Confiscation of Alcohol (Young Persons) Act 1997,,,,,,CA97
CA98,,CA98,Cattle Database Regulations 1998,,,,,,CA98
CB84,,CB84,Cable and Broadcasting Act 1984,,,,,,CB84
CB87,,CB87,Crossbows Act 1987,,,,,,CB87
CC22,,CC22,Celluloid and Cinematographic Film Act 1922,,,,,,CC22
CC74,,CC74,Consumer Credit Act 1974,,,,,,CC74
CC80,,CC80,Child Care Act 1980,,,,,,CC80
CC81,,CC81,Contempt of Court Act 1981,,,,,,CC81
CC87,,CC87,Cancellation of contracts concluded away from Business Premises) Regulations 1987,,,,,,CC87
CD04,,CD04,Carriage of Dangerous Goods and Use of Transportable Pressure Equipment Regulations 2004,,,,,,CD04
CD07,,CD07,Carriage of Dangerous Goods and Use of Transportable Pressure Equipment Regulations 2007,,,,,,CD07
CD70,,CD70,Chronically Sick and Disabled Persons Act 1970,,,,,,CD70
CD71,,CD71,Criminal Damage Act 1971,,,,,,CD71
CD79,,CD79,Customs and Excise Duties (General Reliefs) Act 1979,,,,,,CD79
CD92,,CD92,Control of Dogs Order 1992,,,,,,CD92
CD98,,CD98,Crime and Disorder Act 1998,,,,,,CD98
CE07,,CE07,Civil Enforcement of Parking Contraventions (England) General Regulations 2007,,,,,,CE07
CE20,,CE20,Census Act 1920,,,,,,CE20
CE79,,CE79,Customs and Excise Management Act 1979,,,,,,CE79
CH06,,CH06,Childcare Act 2006,,,,,,CH06
CH08,,CH08,Cancellation of Contracts made in a Consumer's Home or Place of Work etc Regs 2008,,,,,,CH08
CH75,,CH75,Child Benefit Act 1975,,,,,,CH75
CH84,,CH84,Child Abduction Act 1984,,,,,,CH84
CH89,,CH89,Children Act 1989,,,,,,CH89
CH92,,CH92,Charities Act 1992,,,,,,CH92
CH93,,CH93,Charities Act 1993,,,,,,CH93
CH94,,CH94,Chiropractors Act 1994,,,,,,CH94
CI03,,CI03,Crime (International Co-operation) Act 2003,,,,,,CI03
CI04,,CI04,Civil Partnership Act 2004,,,,,,CI04
CI06,,CI06,Charities Act 2006,,,,,,CI06
CI37,,CI37,Cinematograph Films (Animals) Act 1937,,,,,,CI37
CI98,,CI98,Cattle Identification Regulations 1998,,,,,,CI98
CJ00,,CJ00,Criminal Justice and Court Services Act 2000,,,,,,CJ00
CJ01,,CJ01,Criminal Justice and Police Act 2001,,,,,,CJ01
CJ03,,CJ03,Criminal Justice Act 2003,,,,,,CJ03
CJ08,,CJ08,Criminal Justice and Immigration Act 2008,,,,,,CJ08
CJ25,,CJ25,Criminal Justice Act 1925,,,,,,CJ25
CJ61,,CJ61,Criminal Justice Act 1961,,,,,,CJ61
CJ67,,CJ67,Criminal Justice Act 1967,,,,,,CJ67
CJ82,,CJ82,Criminal Justice Act 1982,,,,,,CJ82
CJ87,,CJ87,Criminal Justice Act 1987,,,,,,CJ87
CJ88,,CJ88,Criminal Justice Act 1988,,,,,,CJ88
CJ90,,CJ90,Criminal Justice (International Co-operation) Act 1990,,,,,,CJ90
CJ91,,CJ91,Criminal Justice Act 1991,,,,,,CJ91
CJ93,,CJ93,Criminal Justice Act 1993,,,,,,CJ93
CJ94,,CJ94,Criminal Justice and Public Order Act 1994,,,,,,CJ94
CL67,,CL67,Criminal Law Act 1967,,,,,,CL67
CL77,,CL77,Criminal Law Act 1977,,,,,,CL77
CL99,,CL99,Cigarette Lighter Refill (Safety) Regulations 1999,,,,,,CL99
CM04,,CM04,Cosmetic Products Safety Regulations 2004,,,,,,CM04
CM06,,CM06,Compensation Act 2006,,,,,,CM06
CM07,,CM07,Corporate Manslaughter and Corporate Homicide Act 2007,,,,,,CM07
CM48,,CM48,Companies Act 1948,,,,,,CM48
CM76,,CM76,Companies Act 1976,,,,,,CM76
CM80,,CM80,Companies Act 1980,,,,,,CM80
CM81,,CM81,Companies Act 1981,,,,,,CM81
CM85,,CM85,Companies Act 1985,,,,,,CM85
CM89,,CM89,Companies Act 1989,,,,,,CM89
CM90,,CM90,Computer Misuse Act 1990,,,,,,CM90
CN04,,CN04,Controls on Nonylphenol and Nonylphenol Ethoxylate Regulations 2004,,,,,,CN04
CN05,,CN05,Clean Neighbourhoods and Environment Act 2005,,,,,,CN05
CN82,,CN82,Corn Returns Act 1882,,,,,,CN82
CN94,,CN94,"Conservation (Natural Habitats, etc) Regulations 1994",,,,,,CN94
CO06,,CO06,Commons Act 2006,,,,,,CO06
CO08,,CO08,Commons Act 1908,,,,,,CO08
CO36,,CO36,Coinage Offences Act 1936,,,,,,CO36
CO71,,CO71,Coinage Act 1971,,,,,,CO71
CO87,,CO87,Coroners Act 1887,,,,,,CO87
CO88,,CO88,Coroners Act 1988,,,,,,CO88
COML,,COML,Common Law,,,,,,COML
CP08,,CP08,Consumer Protection from Unfair Trading Regulations 2008,,,,,,CP08
CP65,,CP65,Criminal Procedure (Attendance of Witnesses) Act 1965,,,,,,CP65
CP74,,CP74,Control of Pollution Act 1974,,,,,,CP74
CP75,,CP75,Conspiracy and Protection of Property Act 1875,,,,,,CP75
CP87,,CP87,Consumer Protection Act 1987,,,,,,CP87
CP88,,CP88,"Copyright, Designs and Patents Act 1988",,,,,,CP88
CP89,,CP89,Control of Pollution (Amendment) Act 1989,,,,,,CP89
CP91,,CP91,"Control of Pollution (Silage, Slurry and Agricultural fuel Oil) Regulations 1991",,,,,,CP91
CP96,,CP96,Criminal Procedure and Investigations Act 1996,,,,,,CP96
CQ86,,CQ86,Company Directors Disqualification Act 1986,,,,,,CQ86
CR00,,CR00,Countryside and Rights of Way Act 2000,,,,,,CR00
CR02,,CR02,Cremation Act 1902,,,,,,CR02
CR03,,CR03,Creosote (Prohibition on Use and Marketing) (No2) Regulations 2003,,,,,,CR03
CR56,,CR56,Copyright Act 1956,,,,,,CR56
CS00,,CS00,Care Standards Act 2000,,,,,,CS00
CS06,,CS06,Companies Act 2006,,,,,,CS06
CS70,,CS70,Conservation of Seals Act 1970,,,,,,CS70
CS85,,CS85,Company Securities (Insider Dealing) Act 1985,,,,,,CS85
CS90,,CS90,Courts and Legal Services Act 1990,,,,,,CS90
CS91,,CS91,Child Support Act 1991,,,,,,CS91
CS97,,CS97,Crime (Sentences) Act 1997,,,,,,CS97
CT03,,CT03,Courts Act 2003,,,,,,CT03
CT04,,CT04,Christmas Day (Trading) Act 2004,,,,,,CT04
CT83,,CT83,Car Tax Act 1983 (Schedule 1),,,,,,CT83
CT92,,CT92,Council Tax ( Administration & Enforcement ) Regulations 1992,,,,,,CT92
CT94,,CT94,Channel Tunnel (Security) Order 1994,,,,,,CT94
CU59,,CU59,County Courts Act 1959,,,,,,CU59
CU84,,CU84,County Courts Act 1984,,,,,,CU84
CV60,,CV60,Caravan Sites and Control of Development Act 1960,,,,,,CV60
CV68,,CV68,Caravan Sites Act 1968,,,,,,CV68
CW96,,CW96,Chemical Weapons Act 1996,,,,,,CW96
CY33,,CY33,Children and Young Persons Act 1933,,,,,,CY33
CY55,,CY55,Children and Young Persons (Harmful Publications) Act 1955,,,,,,CY55
CY63,,CY63,Children and Young Persons Act 1963,,,,,,CY63
CY69,,CY69,Children and Young Persons Act 1969,,,,,,CY69
CY91,,CY91,Children and Young Persons (Protection from Tobacco) Act 1991,,,,,,CY91
DA05,,DA05,Drugs Act 2005,,,,,,DA05
DA14,,DA14,Deeds of Arrangement Act 1914,,,,,,DA14
DB69,,DB69,Debtors Act 1869,,,,,,DB69
DC03,,DC03,Dealing in Cultural Objects (Offences) Act 2003,,,,,,DC03
DD89,,DD89,Dangerous Dogs Act 1989,,,,,,DD89
DD91,,DD91,Dangerous Dogs Act 1991,,,,,,DD91
DD95,,DD95,Disability Discrimination Act 1995,,,,,,DD95
DE84,,DE84,Dentists Act 1984,,,,,,DE84
DF37,,DF37,Diseases of Fish Act 1937,,,,,,DF37
DG06,,DG06,Dogs Act 1906,,,,,,DG06
DG71,,DG71,Dogs Act 1871,,,,,,DG71
DG96,,DG96,Dogs (Fouling of Land)  Act 1996,,,,,,DG96
DH49,,DH49,Docking and Nicking of Horses Act 1949,,,,,,DH49
DH51,,DH51,Disorderly Houses Act 1751,,,,,,DH51
DH87,,DH87,Drivers' Hours (Goods Vehicles) (Keeping of Records) Regulations 1987,,,,,,DH87
DN84,,DN84,Data Protection Act 1984,,,,,,DN84
DN98,,DN98,Data Protection Act 1998,,,,,,DN98
DP53,,DP53,Dogs (Protection of Livestock) Act 1953,,,,,,DP53
DR63,,DR63,Deer Act 1963,,,,,,DR63
DR80,,DR80,Deer Act 1980,,,,,,DR80
DR91,,DR91,Deer Act 1991,,,,,,DR91
DT86,,DT86,Drug Trafficking Offences Act 1986,,,,,,DT86
DT94,,DT94,Drug Trafficking Offences Act 1994,,,,,,DT94
DV04,,DV04,"Domestic Violence, Crime and Victims Act 2004",,,,,,DV04
DW76,,DW76,Dangerous Wild Animals Act 1976,,,,,,DW76
EA02,,EA02,Enterprise Act 2002,,,,,,EA02
EA06,,EA06,Equality Act 2006,,,,,,EA06
EA20,,EA20,"Employment of Women, Young Persons and Children's Act 1920",,,,,,EA20
EA89,,EA89,Electricity Act 1989,,,,,,EA89
EC08,,EC08,Egg and Chicks (England) Regs 2008,,,,,,EC08
EC60,,EC60,Ecclesiastical Courts Jurisdiction Act 1860,,,,,,EC60
ED05,,ED05,Education Act 2005,,,,,,ED05
ED06,,ED06,Education and Inspections Act 2006,,,,,,ED06
ED44,,ED44,Education Act 1944,,,,,,ED44
ED96,,ED96,Education Act 1996,,,,,,ED96
EH47,,EH47,Exchange Control Act 1947,,,,,,EH47
EL69,,EL69,Employers' Liability (Compulsory Insurance) Act 1969,,,,,,EL69
EN04,,EN04,Energy Act 2004,,,,,,EN04
EN95,,EN95,Environment Act 1995,,,,,,EN95
EO03,,EO03,Export of Objects of Cultural Interest (Control) Order 2003,,,,,,EO03
EP03,,EP03,Environmental Protection (Controls on Dangerous Substances) Regulations 2003,,,,,,EP03
EP07,,EP07,Environmental Permitting (England and Wales) Regulations 2007,,,,,,EP07
EP75,,EP75,Explosives Act 1875,,,,,,EP75
EP90,,EP90,Environmental Protection Act 1990,,,,,,EP90
EP99,,EP99,Environmental Protection (Restriction on use of lead shot) (England) Regulations 1999,,,,,,EP99
ER96,,ER96,Employment Rights Act 1996,,,,,,ER96
ES79,,ES79,Estate Agents Act 1979,,,,,,ES79
ES97,,ES97,Control of Trade in Endangered Species (Enforcement) Reg 1997,,,,,,ES97
ET73,,ET73,Employment and Training Act 1973,,,,,,ET73
EV03,,EV03,End-of-Life Vehicle Regulations 2003,,,,,,EV03
EW06,,EW06,Emergency Workers (Obstruction) Act 2006,,,,,,EW06
EX03,,EX03,"Export of Goods, Transfer of Technology and Provision of Technical Assistance (Control) Order 2003",,,,,,EX03
EX05,,EX05,Manufacture and Storage of Explosives Regulations 2005,,,,,,EX05
EX83,,EX83,Explosive Substances Act 1883,,,,,,EX83
EY78,,EY78,Employment Protection (Consolidation) Act 1978,,,,,,EY78
FA06,,FA06,Fraud Act 2006,,,,,,FA06
FA61,,FA61,Factories Act 1961,,,,,,FA61
FA88,,FA88,Firearms (Amendment) Act 1988,,,,,,FA88
FA97,,FA97,Firearms (Amendment) Act 1997,,,,,,FA97
FB89,,FB89,Football Spectators Act 1989,,,,,,FB89
FB93,,FB93,Fishing Boats (Marking and Documentation) (Enforcement) Order 1993,,,,,,FB93
FC81,,FC81,Forgery and Counterfeiting Act 1981,,,,,,FC81
FD71,,FD71,Friendly Societies Act 1971,,,,,,FD71
FE85,,FE85,Food and Environment Protection Act 1985,,,,,,FE85
FF00,,FF00,Fur Farming (Prohibition) Act 2000,,,,,,FF00
FF88,,FF88,Furniture and Furnishings (Fire) (Safety) Regulations 1988,,,,,,FF88
FG03,,FG03,Female Genital Mutilation Act 2003,,,,,,FG03
FG13,,FG13,Forgery Act 1913,,,,,,FG13
FH06,,FH06,Food Hygiene (England) Regulations 2006,,,,,,FH06
FH81,,FH81,Fisheries Act 1981,,,,,,FH81
FI00,,FI00,Freedom of Information Act 2000,,,,,,FI00
FI68,,FI68,Firearms Act 1968,,,,,,FI68
FL70,,FL70,Family Income Supplement Act 1970,,,,,,FL70
FL84,,FL84,Food Labelling Regulations 1984,,,,,,FL84
FL96,,FL96,Family Law Act 1996,,,,,,FL96
FM07,,FM07,Foot and Mouth Disease (Export Restrictions) Regulations 2007 (England),,,,,,FM07
FM95,,FM95,Fresh Meat (Hygiene and Inspection) Regulations 1995,,,,,,FM95
FN00,,FN00,Finance Act 2000,,,,,,FN00
FN03,,FN03,Finance Act 2003,,,,,,FN03
FN89,,FN89,Finance Act 1989,,,,,,FN89
FO91,,FO91,Football Offences Act 1991,,,,,,FO91
FP71,,FP71,Fire Precautions Act 1971,,,,,,FP71
FP91,,FP91,Food Premises (Registration) Regulations 1991,,,,,,FP91
FR03,,FR03,Fireworks Regulations 2003,,,,,,FR03
FR51,,FR51,Fraudulent Mediums Act 1951,,,,,,FR51
FR67,,FR67,Forestry Act 1967,,,,,,FR67
FR75,,FR75,Farriers (Registration) Act 1975,,,,,,FR75
FS00,,FS00,Financial Services and Markets Act 2000,,,,,,FS00
FS04,,FS04,Fire and Rescue Services Act 2004,,,,,,FS04
FS05,,FS05,Regulatory Reform (Fire Safety) Order 2005,,,,,,FS05
FS47,,FS47,Fire Services Act 1947,,,,,,FS47
FS74,,FS74,Friendly Societies Act 1974,,,,,,FS74
FS86,,FS86,Financial Services Act 1986,,,,,,FS86
FS90,,FS90,Food Safety Act 1990,,,,,,FS90
FS95,,FS95,Food Safety (General Food Hygiene) Regulations 1995,,,,,,FS95
FS97,,FS97,Fireworks Safety (Regulations) 1997,,,,,,FS97
FT73,,FT73,Fair Trading Act 1973,,,,,,FT73
FW03,,FW03,Fireworks Act 2003,,,,,,FW03
FW04,,FW04,Fireworks Regulations 2004,,,,,,FW04
FW51,,FW51,Fireworks Act 1951,,,,,,FW51
FW86,,FW86,Firework (Safety) Regulations 1986,,,,,,FW86
FY61,,FY61,Forgery Act 1861,,,,,,FY61
GA04,,GA04,Gangmasters (Licensing) Act 2004,,,,,,GA04
GA05,,GA05,Gambling Act 2005,,,,,,GA05
GA45,,GA45,Gaming Act 1845,,,,,,GA45
GA68,,GA68,Gaming Act 1968,,,,,,GA68
GB68,,GB68,Gun Barrel Proof Act 1868,,,,,,GB68
GD75,,GD75,Guard Dogs Act 1975,,,,,,GD75
GE04,,GE04,Genetically Modified Animal Feed (England) Regulations 2004,,,,,,GE04
GE69,,GE69,Genocide Act 1969,,,,,,GE69
GF04,,GF04,Genetically Modified Animal Feed (England) Regulations 2004,,,,,,GF04
GG03,,GG03,Greenhouse Gas Emissions Trading Scheme Regulations 2003,,,,,,GG03
GG80,,GG80,Ground Game Act 1880,,,,,,GG80
GL60,,GL60,Game Licences Act 1860,,,,,,GL60
GM04,,GM04,Genetically Modified Food (England) Regulations 2004,,,,,,GM04
GM31,,GM31,Game Act 1831,,,,,,GM31
GO84,,GO84,"Goods Vehicles (Operators' Licences, Qualifications and Fees) Regulations 1984",,,,,,GO84
GP05,,GP05,General Product Safety Regulations 2005,,,,,,GP05
GP94,,GP94,General Product Safety Regulations 1994,,,,,,GP94
GR04,,GR04,Gender Recognition Act 2004,,,,,,GR04
GS65,,GS65,Gas Act 1965,,,,,,GS65
GS86,,GS86,Gas Act 1986,,,,,,GS86
GV06,,GV06,Passenger and Goods Vehicles (Recording Equipment) (Tachograph Card) Regulations 2006,,,,,,GV06
GV92,,GV92,Goods Vehicles (Community Authorisations) Regulations 1992,,,,,,GV92
GV95,,GV95,Goods Vehicles (Licensing of Operators) Act 1995,,,,,,GV95
HA04,,HA04,Hunting Act 2004,,,,,,HA04
HA06,,HA06,Health Act 2006,,,,,,HA06
HA68,,HA68,Hearing Aid Council Act 1968,,,,,,HA68
HA77,,HA77,National Health Service Act 1977,,,,,,HA77
HA99,,HA99,Health Act 1999,,,,,,HA99
HC57,,HC57,Homicide Act 1957,,,,,,HC57
HC79,,HC79,Hydrocarbon Oil Duties Act 1979,,,,,,HC79
HD47,,HD47,"Harbours, Docks and Piers Clauses Act 1847",,,,,,HD47
HE36,,HE36,Hours of Employment (Convention) Act 1936,,,,,,HE36
HF46,,HF46,Hill Farming Act 1946,,,,,,HF46
HH39,,HH39,House to House Collections Act 1939,,,,,,HH39
HI71,,HI71,Hijacking Act 1971,,,,,,HI71
HL78,,HL78,Highways & Locomotives (Amendment) Act 1878,,,,,,HL78
HM73,,HM73,Hallmarking Act 1973,,,,,,HM73
HO04,,HO04,Housing Act 2004,,,,,,HO04
HO64,,HO64,Housing Act 1964,,,,,,HO64
HO85,,HO85,Housing Act 1985,,,,,,HO85
HO96,,HO96,Housing Act 1996,,,,,,HO96
HP03,,HP03,Horses Passports (England) Regulations 2003,,,,,,HP03
HP04,,HP04,Horse Passports (England) Regulations 2004,,,,,,HP04
HP25,,HP25,Honours (Prevention of Abuses) Act 1925,,,,,,HP25
HP52,,HP52,Hypnotism Act 1952,,,,,,HP52
HP90,,HP90,Horses (Protective Headgear for Young Riders) Act 1990,,,,,,HP90
HR01,,HR01,Human Reproductive Cloning Act 2001,,,,,,HR01
HR92,,HR92,Hares Preservation Act 1892,,,,,,HR92
HS06,,HS06,National Health Service Act 2006,,,,,,HS06
HS08,,HS08,Health and Social Care Act 2008,,,,,,HS08
HS74,,HS74,Health and Safety at Work etc Act 1974,,,,,,HS74
HT04,,HT04,Human Tissue Act 2004,,,,,,HT04
HU90,,HU90,Human Fertilisation and Embryology Act 1990,,,,,,HU90
HY35,,HY35,Highway Act 1835,,,,,,HY35
HY59,,HY59,Highways Act 1959,,,,,,HY59
HY80,,HY80,Highways Act 1980,,,,,,HY80
IA06,,IA06,"Immigration, Asylum & Nationality Act 2006",,,,,,IA06
IA89,,IA89,Indecent Advertisements Act 1889,,,,,,IA89
IA99,,IA99,Immigration and Asylum Act 1999,,,,,,IA99
IC01,,IC01,International Criminal Court Act 2001,,,,,,IC01
IC60,,IC60,Indecency with Children Act 1960,,,,,,IC60
IC82,,IC82,Insurance Companies Act 1982,,,,,,IC82
ID06,,ID06,Identity Cards Act 2006,,,,,,ID06
ID81,,ID81,Indecent Displays (Control) Act 1981,,,,,,ID81
IG34,,IG34,Incitement to Disaffection Act 1934,,,,,,IG34
IL29,,IL29,Infant Life (Preservation) Act 1929,,,,,,IL29
IM06,,IM06,Accession (Immigration and Worker Authorisation) Regulations 2006,,,,,,IM06
IM71,,IM71,Immigration Act 1971,,,,,,IM71
IN38,,IN38,Infanticide Act 1938,,,,,,IN38
IN57,,IN57,Inclosure Act 1857,,,,,,IN57
IP65,,IP65,Industrial and Provident Societies Act 1965,,,,,,IP65
IP78,,IP78,Internationally Protected Persons Act 1978,,,,,,IP78
IQ05,,IQ05,Inquiriers Act 2005,,,,,,IQ05
IR82,,IR82,Iron and Steel Act 1982,,,,,,IR82
IR86,,IR86,Insolvency Rules 1986,,,,,,IR86
IS76,,IS76,Insolvency Act 1976,,,,,,IS76
IS86,,IS86,Insolvency Act 1986,,,,,,IS86
IT82,,IT82,Industrial Training Act 1982,,,,,,IT82
IT85,,IT85,Interception of Communications Act 1985,,,,,,IT85
IX85,,IX85,Intoxicating Substances (Supply) Act 1985,,,,,,IX85
JP61,,JP61,Justices of the Peace Act 1361,,,,,,JP61
JS95,,JS95,Jobseekers Act 1995,,,,,,JS95
JY74,,JY74,Juries Act 1974,,,,,,JY74
KS97,,KS97,Knives Act 1997,,,,,,KS97
LA74,,LA74,Legal Aid Act 1974,,,,,,LA74
LA76,,LA76,Lotteries and Amusement Act 1976,,,,,,LA76
LA83,,LA83,Litter Act 1983,,,,,,LA83
LA88,,LA88,Legal Aid Act 1988,,,,,,LA88
LB43,,LB43,Libel Act 1843,,,,,,LB43
LB98,,LB98,Libraries Offences Act 1898,,,,,,LB98
LC72,,LC72,Land Charges Act 1972,,,,,,LC72
LC73,,LC73,Land Compensation Act 1973,,,,,,LC73
LC96,,LC96,London Cab Act 1896,,,,,,LC96
LG02,,LG02,Licensing Act 1902,,,,,,LG02
LG03,,LG03,Licensing Act 2003,,,,,,LG03
LG64,,LG64,Licensing Act 1964,,,,,,LG64
LG72,,LG72,Licensing Act 1872,,,,,,LG72
LG83,,LG83,Licensing (Occasional Permissions) Act 1983,,,,,,LG83
LH31,,LH31,London Hackney Carriage Act 1831,,,,,,LH31
LH43,,LH43,London Hackney Carriage Act 1843,,,,,,LH43
LM76,,LM76,Local Government (Miscellaneous Provisions) Act 1976,,,,,,LM76
LM82,,LM82,Local Government (Miscellaneous Provisions) Act 1982,,,,,,LM82
LM98,,LM98,Landmines Act 1998,,,,,,LM98
LN63,,LN63,London Government Act 1963,,,,,,LN63
LN69,,LN69,Late Night Refreshment Houses Act 1969,,,,,,LN69
LO72,,LO72,Local Government Act 1972,,,,,,LO72
LP25,,LP25,Law of Property Act 1925,,,,,,LP25
LP80,,LP80,Licensed Premises (Exclusion of Certain Persons) Act 1980,,,,,,LP80
LR01,,LR01,London Regional Transport Byelaws,,,,,,LR01
LR02,,LR02,Land Registration Act 2002,,,,,,LR02
LR25,,LR25,Land Registration Act 1925,,,,,,LR25
LT85,,LT85,Landlord and Tenant's Act 1985,,,,,,LT85
MA58,,MA58,Manoeuvres Act 1958,,,,,,MA58
MA61,,MA61,Mock Auctions Act 1961,,,,,,MA61
MA75,,MA75,Medicines (Advertising of Medicinal Products) Regulations 1975,,,,,,MA75
MA78,,MA78,Medicines (Advertising to Medical and Dental Practitioners) Regulations 1978,,,,,,MA78
MA83,,MA83,Medical Act 1983,,,,,,MA83
MB67,,MB67,Marine etc Broadcasting Offences Act 1967,,,,,,MB67
MC03,,MC03,Motor Cycles Etc. (Single Vehicle Approval) Regulations 2003,,,,,,MC03
MC05,,MC05,Mental Capacity Act 2005,,,,,,MC05
MC11,,MC11,Maritime Conventions Act 1911,,,,,,MC11
MC69,,MC69,Metropolitan Public Carriage Act 1869,,,,,,MC69
MC75,,MC75,Medicines (Child Safety) Regulations 1975,,,,,,MC75
MC79,,MC79,Medicines (Contact Lens Fluids and Other Substances) (Advertising and Miscellaneous Amendments) Regulations 1979,,,,,,MC79
MC80,,MC80,Magistrates Courts Act 1980,,,,,,MC80
MC93,,MC93,Motor Vehicles (Wearing of Seat Belts by Children in Front Seats) Regulations 1993,,,,,,MC93
MD21,,MD21,A typo. CJS codes related to this statute have been made obsolete and recoded under MD61.,,,01/01/1901,,,MD21
MD59,,MD59,Milk and Dairies (General) Regulations 1959,,,,,,MD59
MD61,,MD61,Malicious Damage Act 1861,,,,,,MD61
MD68,,MD68,Medicines Act 1968,,,,,,MD68
MD71,,MD71,Misuse of Drugs Act 1971,,,,,,MD71
MD73,,MD73,Misuse of Drugs Regulations 1973,,,,,,MD73
ME05,,ME05,"The Medicines for Human Use (Manufacturing, Wholesale Dealing and Miscellaneous Amendments) Regulations 2005",,,,,,ME05
ME75,,ME75,Medicines (Advertising of Medicinal Products) (No 2) Regulations 1975,,,,,,ME75
ME82,,ME82,Motorways Traffic (England and Wales) Regulations 1982,,,,,,ME82
ME94,,ME94,Medicines for Human Use (Marketing Authorisations etc) Regulations 1994,,,,,,ME94
MF65,,MF65,Metropolitan Fire Brigade Act 1865,,,,,,MF65
MF78,,MF78,Medicines (Fluted Bottles) Regulations 1978,,,,,,MF78
MF79,,MF79,Medicines (Contact Lens Fluids and Other Substances) (Labelling) Regulations 1979,,,,,,MF79
MG49,,MG49,Marriage Act 1949,,,,,,MG49
MH59,,MH59,Mental Health Act 1959,,,,,,MH59
MH83,,MH83,Mental Health Act 1983,,,,,,MH83
MI09,,MI09,Marine Insurance (Gambling Policies) Act 1909,,,,,,MI09
MI66,,MI66,Ministry of Social Security Act 1966,,,,,,MI66
MJ95,,MJ95,M25 Motorway (Junctions 10 to 15) (Variable Speed Limits) Regulations 1995,,,,,,MJ95
ML76,,ML76,Medicines (Labelling) Regulations 1976,,,,,,ML76
ML77,,ML77,Medicines (Leaflets) Regulations 1977,,,,,,ML77
ML78,,ML78,Medicines (Labelling and Advertising to the Public) Regulations 1978,,,,,,ML78
ML87,,ML87,Motor Vehicles (Driving Licences) Regulations 1987,,,,,,ML87
ML90,,ML90,Motor Vehicles (Driving Licences) (Heavy Goods and Public Service Vehicles) Regulations 1990,,,,,,ML90
MP39,,MP39,Metropolitan Police Act 1839,,,,,,MP39
MP80,,MP80,Motor Cycle (Protective Helmets) Regulations 1980,,,,,,MP80
MP97,,MP97,Merchant Shipping (Dangerous Goods and Marine Pollutants) Regulations 1997,,,,,,MP97
MP98,,MP98,Motor Cycles (Protective Helmets) Regulations 1998,,,,,,MP98
MP99,,MP99,Motor Cycles (Eye Protectors) Regulations 1999,,,,,,MP99
MQ54,,MQ54,Mines and Quarries Act 1954,,,,,,MQ54
MQ69,,MQ69,Mines and Quarries (Tips) Act 1969,,,,,,MQ69
MR73,,MR73,Misuse of Drugs (Safe Custody) Regulations 1973,,,,,,MR73
MS21,,MS21,Merchant Shipping Act 1921,,,,,,MS21
MS25,,MS25,Merchant Shipping (International Labour Conventions) Act1925,,,,,,MS25
MS32,,MS32,Merchant Shipping (Safety and Load Line Conventions) Act 1932,,,,,,MS32
MS49,,MS49,Merchant Shipping (Safety Convention) Act 1949,,,,,,MS49
MS64,,MS64,Merchant Shipping Act 1964,,,,,,MS64
MS67,,MS67,Merchant Shipping (Load Lines) Act 1967,,,,,,MS67
MS70,,MS70,Merchant Shipping Act 1970,,,,,,MS70
MS80,,MS80,Medicines (Sale or Supply) (Miscellaneous Provisions) Regulations 1980,,,,,,MS80
MS94,,MS94,Merchant Shipping Act 1894,,,,,,MS94
MS95,,MS95,Merchant Shipping Act 1995,,,,,,MS95
MS96,,MS96,Merchant Shipping (Distress Signals and Prevention of Collisions) Regulations 1996,,,,,,MS96
MS98,,MS98,Merchant Shipping (Small Work Boats and Pilot Boats) Regulations 1998,,,,,,MS98
MS99,,MS99,Merchant Shipping (Pilot Transfer Arrangements) Regulations 1999,,,,,,MS99
MT02,,MT02,Mobile Telephones (Re-programming) Act 2002,,,,,,MT02
MT05,,MT05,Medicines (Traditional Herbal Medicinal Products for Human Use) Regulations 2005,,,,,,MT05
MT88,,MT88,Malicious Communications Act 1988,,,,,,MT88
MV03,,MV03,Motor Vehicles (Compulsory Insurance) (Information Centre and Compensation Body) Regulations 2003,,,,,,MV03
MV04,,MV04,Motor Vehicles (Compulsory Insurance) (Information Centre and Compensation Body) Regulations 2004,,,,,,MV04
MW71,,MW71,Mineral Workings (Offshore Installations) Act 1971,,,,,,MW71
MW82,,MW82,Motor Vehicles (Wearing of Seat Belts) Regulations 1982,,,,,,MW82
MW91,,MW91,Motor Vehicles (Wearing of Seat Belts in Rear Seats by Adults) Regulations 1991,,,,,,MW91
MW93,,MW93,Motor Vehicles (Wearing of Seat Belts) Regulations 1993,,,,,,MW93
NA48,,NA48,National Assistance Act 1948,,,,,,NA48
ND95,,ND95,Road Traffic (New Drivers) Act 1995,,,,,,ND95
NE06,,NE06,Natural Environment and Rural Communities Act 2006,,,,,,NE06
NI02,,NI02,"Nationality, Immigration and Asylum Act 2002",,,,,,NI02
NL93,,NL93,National Lotteries Act 1993,,,,,,NL93
NM83,,NM83,Nuclear Material (Offences) Act 1983,,,,,,NM83
NP08,,NP08,Nitrate Pollution Prevention Regs 2008,,,,,,NP08
NP28,,NP28,Night Poaching Act 1828,,,,,,NP28
NP44,,NP44,Night Poaching Act 1844,,,,,,NP44
NR91,,NR91,New Roads and Street Works Act 1991,,,,,,NR91
NS00,,NS00,Nuclear Safeguards Act 2000,,,,,,NS00
NS96,,NS96,Noise Act 1996,,,,,,NS96
NT94,,NT94,Notice of Accidents Act 1894,,,,,,NT94
NU01,,NU01,Nursing and Midwifery Order 2001,,,,,,NU01
NU79,,NU79,Nurses Midwives and Health Visitors Act 1979,,,,,,NU79
NU97,,NU97,Nurses Midwives and Health Visitors Act 1997,,,,,,NU97
NV57,,NV57,Naval Discipline Act 1957,,,,,,NV57
NW64,,NW64,New Forest Act 1964,,,,,,NW64
NY91,,NY91,North Yorkshire County Council Act 1991,,,,,,NY91
OF61,,OF61,Offences against the Person Act 1861,,,,,,OF61
OF99,,OF99,Organic Farming Regulations 1999,,,,,,OF99
OP59,,OP59,Obscene Publications Act 1959,,,,,,OP59
OP64,,OP64,Obscene Publications Act 1964,,,,,,OP64
OR63,,OR63,"Offices, Shops and Railway Premises 1963",,,,,,OR63
OS11,,OS11,Official Secrets Act 1911,,,,,,OS11
OS20,,OS20,Official Secrets Act 1920,,,,,,OS20
OS89,,OS89,Official Secrets Act 1989,,,,,,OS89
OS93,,OS93,Osteopaths Act 1993,,,,,,OS93
PA00,,PA00,Protection of Animals (Amendment) Act 2000,,,,,,PA00
PA07,,PA07,Public Health Acts Amendment Act 1907,,,,,,PA07
PA11,,PA11,Protection of Animals Act 1911,,,,,,PA11
PA25,,PA25,Performing Animals (Regulation) Act 1925,,,,,,PA25
PA34,,PA34,Protection of Animals Act 1934,,,,,,PA34
PA49,,PA49,Patents Act 1949,,,,,,PA49
PA54,,PA54,Protection of Animals (Amendment) Act 1954,,,,,,PA54
PA73,,PA73,Protection of Aircraft Act 1973,,,,,,PA73
PA77,,PA77,Patents Act 1977,,,,,,PA77
PA90,,PA90,Public Health Act Amendment Act 1890,,,,,,PA90
PB89,,PB89,Public Bodies Corrupt Practices Act 1889,,,,,,PB89
PB92,,PB92,Protection of Badgers Act 1992,,,,,,PB92
PC00,,PC00,Powers of Criminal Courts (Sentencing) Act 2000,,,,,,PC00
PC02,,PC02,Proceeds of Crime Act 2002,,,,,,PC02
PC53,,PC53,Prevention of Crime Act 1953,,,,,,PC53
PC73,,PC73,Powers of Criminal Courts Act 1973,,,,,,PC73
PD49,,PD49,Prevention of Damage by Pests Act 1949,,,,,,PD49
PD63,,PD63,Protection of Depositors Act 1963,,,,,,PD63
PD83,,PD83,Pedal Cycles (Construction and Use) Regulations 1983,,,,,,PD83
PE01,,PE01,Protection of the Euro Against Counterfeiting Regulations 2001,,,,,,PE01
PE28,,PE28,Petroleum (Consolidation) Act 1928,,,,,,PE28
PE51,,PE51,Pet Animals Act 1951,,,,,,PE51
PE54,,PE54,Pests Act 1954,,,,,,PE54
PE77,,PE77,Protection from Eviction Act 1977,,,,,,PE77
PE86,,PE86,Control of Pesticides Regulations 1986,,,,,,PE86
PF16,,PF16,"Police, Factories, etc (Miscellaneous Provisions) Act 1916",,,,,,PF16
PF58,,PF58,Prevention of Fraud (Investments) Act 1958,,,,,,PF58
PF85,,PF85,Prohibition of Female Circumcision Act 1985,,,,,,PF85
PH25,,PH25,Public Health Act 1925,,,,,,PH25
PH36,,PH36,Public Health Act 1936,,,,,,PH36
PH37,,PH37,Public Health (Drainage of Trade Premises) Act 1937,,,,,,PH37
PH54,,PH54,Pharmacy Act 1954,,,,,,PH54
PH75,,PH75,Public Health Act 1875,,,,,,PH75
PH84,,PH84,Public Health (Control of Disease) Act 1984,,,,,,PH84
PH90,,PH90,Planning (Hazardous Substances) Act 1990,,,,,,PH90
PH97,,PH97,Protection from Harassment Act 1997,,,,,,PH97
PH98,,PH98,Private Hire Vehicles (London) Act 1998,,,,,,PH98
PI21,,PI21,Piracy Act 1721,,,,,,PI21
PI37,,PI37,Piracy Act 1837,,,,,,PI37
PI71,,PI71,Prevention of Oil Pollution Act 1971,,,,,,PI71
PI98,,PI98,Piracy Act 1698,,,,,,PI98
PJ11,,PJ11,Perjury Act 1911,,,,,,PJ11
PK72,,PK72,Park Regulation Act 1872,,,,,,PK72
PK78,,PK78,Protection of Children Act 1978,,,,,,PK78
PL02,,PL02,Police Reform 2002,,,,,,PL02
PL64,,PL64,Police Act 1964,,,,,,PL64
PL84,,PL84,Police and Criminal Evidence Act 1984,,,,,,PL84
PL90,,PL90,Planning (Listed Buildings and Conservation Areas) Act 1990,,,,,,PL90
PL96,,PL96,Police Act 1996,,,,,,PL96
PL97,,PL97,Police Act 1997,,,,,,PL97
PM08,,PM08,Public Meeting Act 1908,,,,,,PM08
PM86,,PM86,Protection of Military Remains Act 1986,,,,,,PM86
PM91,,PM91,Property Misdescriptions Act 1991,,,,,,PM91
PN04,,PN04,Pensions Act 2004,,,,,,PN04
PN06,,PN06,Prevention of Corruption Act 1906,,,,,,PN06
PO53,,PO53,Post Office Act 1953,,,,,,PO53
PO69,,PO69,Post Office Act 1969,,,,,,PO69
PO84,,PO84,Post Office (Protection) Act 1884,,,,,,PO84
PO99,,PO99,Protection of Children Act 1999,,,,,,PO99
PP00,,PP00,"Political Parties, Elections & Referendum Act 2000",,,,,,PP00
PP05,,PP05,Plant Protection Products Regulations 2005,,,,,,PP05
PP07,,PP07,"Police, Public Order and Criminal Justice (Scotland) Act 2006 (Consequential Provisions and Modifications) Order 2007",,,,,,PP07
PP62,,PP62,Poaching Prevention Act 1862,,,,,,PP62
PP87,,PP87,Pelican Pedestrian Crossing Regulations 1987,,,,,,PP87
PR00,,PR00,Pollution Prevention and Control Regulations (E & W) Order 2000,,,,,,PR00
PR52,,PR52,Prison Act 1952,,,,,,PR52
PR74,,PR74,Prices Act 1974,,,,,,PR74
PR95,,PR95,Prisoners (Return to Custody) Act 1995,,,,,,PR95
PR97,,PR97,Police (Property) Act 1997,,,,,,PR97
PS00,,PS00,Postal Services Act 2000,,,,,,PS00
PS01,,PS01,Private Security Industry Act 2001,,,,,,PS01
PS38,,PS38,Population (Statistics) Act 1938,,,,,,PS38
PS75,,PS75,Public Stores Act 1875,,,,,,PS75
PS90,,PS90,"Public Service Vehicles (Conduct of Drivers, Conductors, Passengers) 1990",,,,,,PS90
PS92,,PS92,Prison Security Act 1992,,,,,,PS92
PT00,,PT00,Terrorism Act 2000,,,,,,PT00
PT05,,PT05,Prevention of Terrorism Act 2005,,,,,,PT05
PT76,,PT76,Prevention of Terrorism (Temporary Provisions) Act 1976,,,,,,PT76
PT84,,PT84,Prevention of Terrorism (Temporary Provisions) Act 1984,,,,,,PT84
PT87,,PT87,Pilotage Act 1987,,,,,,PT87
PT89,,PT89,Prevention of Terrorism (Temporary Provisions) Act 1989,,,,,,PT89
PU36,,PU36,Public Order Act 1936,,,,,,PU36
PU86,,PU86,Public Order Act 1986,,,,,,PU86
PV64,,PV64,Plant Varieties and Seeds Act 1964,,,,,,PV64
PV81,,PV81,Public Passenger Vehicles Act 1981,,,,,,PV81
PV99,,PV99,Passenger Service Vehicles (Community Licences) Regulations 1999,,,,,,PV99
PW73,,PW73,Protection of Wrecks Act 1973,,,,,,PW73
PW96,,PW96,Party Wall Act 1996,,,,,,PW96
PZ71,,PZ71,Pedlars Act 1871,,,,,,PZ71
RA00,,RA00,Representation of the People Act 2000,,,,,,RA00
RA48,,RA48,Radioactive Substances Act 1948,,,,,,RA48
RA60,,RA60,Radioactive Substances Act 1960,,,,,,RA60
RA75,,RA75,Reservoirs Act 1975,,,,,,RA75
RB74,,RB74,"Rabies (Importation of Dogs, Cats and other Mammals Act) 1974",,,,,,RB74
RC86,,RC86,Road Vehicles (Construction and Use) Regulations 1986,,,,,,RC86
RD49,,RD49,Registered Designs Act 1949,,,,,,RD49
RD78,,RD78,Refuse Disposal (Amenity) Act 1978,,,,,,RD78
RE59,,RE59,Restriction of Offensive Weapons Act 1959,,,,,,RE59
RE77,,RE77,Rent Act 1977,,,,,,RE77
RF72,,RF72,Road Traffic (Foreign Vehicles) Act 1972,,,,,,RF72
RF80,,RF80,Reserve Forces Act 1980,,,,,,RF80
RF96,,RF96,Reserve Forces Act 1996,,,,,,RF96
RG51,,RG51,Rag Flock and Other Filling Materials Act 1951,,,,,,RG51
RH74,,RH74,Rehabilitation of Offenders Act 1974,,,,,,RH74
RH84,,RH84,Registered Homes Act 1984,,,,,,RH84
RI64,,RI64,Riding Establishments Act 1964,,,,,,RI64
RL01,,RL01,Railway Byelaws 2001,,,,,,RL01
RL05,,RL05,Railway Byelaws 2005,,,,,,RL05
RL40,,RL40,Railway Regulation Act 1840,,,,,,RL40
RL42,,RL42,Railway Regulation Act 1842,,,,,,RL42
RL45,,RL45,Railways Clauses Consolidation Act 1845,,,,,,RL45
RL89,,RL89,Road Vehicles Lighting Regulations 1989,,,,,,RL89
RO88,,RO88,Road Traffic Offenders Act 1988,,,,,,RO88
RP00,,RP00,Regulation of Investigatory Powers Act 2000,,,,,,RP00
RP49,,RP49,Representation of the People Act 1949,,,,,,RP49
RP76,,RP76,Restrictive Trade Practices Act 1976,,,,,,RP76
RP83,,RP83,Representation of the People Act 1983,,,,,,RP83
RP97,,RP97,Royal Parks and Other Open Spaces Regulations 1997,,,,,,RP97
RR35,,RR35,Restriction of Ribbon Development Act 1935,,,,,,RR35
RR84,,RR84,Road Traffic Regulation Act 1984,,,,,,RR84
RR96,,RR96,Rules of Air Regulations 1996,,,,,,RR96
RS09,,RS09,"Road Safety (Immobilisation, Removal and Disposal of Vehicles) Regulations 2009",,,,,,RS09
RS61,,RS61,Rivers (Prevention of Pollution) Act 1961,,,,,,RS61
RS84,,RS84,Road Transport (International Passenger Services) Regulations 1984,,,,,,RS84
RT03,,RT03,Railways and Transport Safety Act 2003,,,,,,RT03
RT33,,RT33,Road and Rail Traffic Act 1933,,,,,,RT33
RT60,,RT60,Road Traffic Act 1960,,,,,,RT60
RT72,,RT72,Road Traffic Act 1972,,,,,,RT72
RT88,,RT88,Road Traffic Act 1988,,,,,,RT88
RT89,,RT89,Road Traffic (Driver Licensing and Information Systems) 1989,,,,,,RT89
RT99,,RT99,Road Transport (Passenger Vehicles Cabotage) Regulations 1999,,,,,,RT99
RV02,,RV02,Road Vehicles (Registration and Licensing) Regulations 2002,,,,,,RV02
RV71,,RV71,Road Vehicles (Registration and Licensing) Regulations 1971,,,,,,RV71
RV98,,RV98,Road Vehicles (Authorised Weight) Regulations 1998,,,,,,RV98
RW68,,RW68,Regulation of Railways Act 1868,,,,,,RW68
RW89,,RW89,Regulation of Railways Act 1889,,,,,,RW89
SA00,,SA00,Sexual Offences (Amendment) Act 2000,,,,,,SA00
SA76,,SA76,Sexual Offences (Amendment) Act 1976,,,,,,SA76
SA92,,SA92,Sexual Offences (Amendment) Act 1992,,,,,,SA92
SB76,,SB76,Supplementary Benefits Act 1976,,,,,,SB76
SB85,,SB85,Submarine Telegraph Act 1885,,,,,,SB85
SB96,,SB96,Specified Bovine Material Order 1996,,,,,,SB96
SC00,,SC00,Sea Fishing (Enforcement of Community Conservation Measures) Order 2000,,,,,,SC00
SC07,,SC07,Serious Crime Act 2007,,,,,,SC07
SC92,,SC92,Servants Character Act 1792,,,,,,SC92
SD35,,SD35,Statutory Declaration Act 1835,,,,,,SD35
SD91,,SD91,Stamp Duties Management Act 1891,,,,,,SD91
SE00,,SE00,Sea Fishing (Enforcement of Community Satellite Monitoring) Order 2000,,,,,,SE00
SE02,,SE02,Transmissible Spongiform Encephalopaties -TSE Regulations 2002,,,,,,SE02
SE06,,SE06,Transmissible Spongiform Encephalopathies (No 2) Regulations 2006,,,,,,SE06
SF00,,SF00,Sea Fishing (Enforcement of Community Control Measures) Order 2000,,,,,,SF00
SF12,,SF12,Seal Fisheries (North Pacific) Act 1912,,,,,,SF12
SF66,,SF66,Sea Fisheries Regulation Act 1966,,,,,,SF66
SF67,,SF67,Sea Fish (Conservation) Act 1967,,,,,,SF67
SF68,,SF68,Sea Fisheries Act 1968,,,,,,SF68
SF70,,SF70,Sea Fish Industry Act 1970,,,,,,SF70
SF75,,SF75,Salmon and Freshwater Fisheries Act 1975,,,,,,SF75
SF83,,SF83,Sea Fisheries Act 1883,,,,,,SF83
SF86,,SF86,Salmon Act 1986,,,,,,SF86
SF95,,SF95,Seal Fisheries (North Pacific) Act 1895,,,,,,SF95
SF97,,SF97,Sex Offenders Act 1997,,,,,,SF97
SH50,,SH50,Shops Act 1950,,,,,,SH50
SH67,,SH67,Sea Fisheries (Shellfish) Act 1967,,,,,,SH67
SH68,,SH68,Sea Fisheries Act 1868,,,,,,SH68
SH87,,SH87,Sheriffs Act 1887,,,,,,SH87
SL74,,SL74,Slaughterhouses Act 1974,,,,,,SL74
SM64,,SM64,Scrap Metal Dealers Act 1964,,,,,,SM64
SN80,,SN80,Sunday Observance Act 1780,,,,,,SN80
SO05,,SO05,Serious Organised Crime and Police Act 2005,,,,,,SO05
SO59,,SO59,Street Offences Act 1959,,,,,,SO59
SO74,,SO74,Solicitors Act 1974,,,,,,SO74
SO96,,SO96,Sexual offences (Conspiracy and Incitement) Act 1996,,,,,,SO96
SO97,,SO97,Sexual Offences (Protected Material) Act 1997,,,,,,SO97
SP04,,SP04,Ships and Port Facility (Security) Regulations 2004,,,,,,SP04
SP67,,SP67,Slaughter of Poultry Act 1967,,,,,,SP67
SP85,,SP85,Sporting Events (Control of Alcohol etc) Act 1985,,,,,,SP85
SS06,,SS06,Seaman's and Soldier's False Characters Act 1906,,,,,,SS06
SS75,,SS75,Social Security Act 1975,,,,,,SS75
SS86,,SS86,Social Security Act 1986,,,,,,SS86
SS92,,SS92,Social Security Administration Act 1992,,,,,,SS92
ST47,,ST47,Statistics of Trade Act 1947,,,,,,ST47
ST72,,ST72,Sunday Theatre Act 1972,,,,,,ST72
ST94,,ST94,Sunday Trading Act 1994,,,,,,ST94
SU61,,SU61,Suicide Act 1961,,,,,,SU61
SV06,,SV06,Safeguarding Vulnerable Groups Act 2006,,,,,,SV06
SV77,,SV77,"70, 60 and 50 mph (Temporary Speed Limit) Order 1977",,,,,,SV77
SW96,,SW96,Special Waste Regulations 1996,,,,,,SW96
SX03,,SX03,Sexual Offences Act 2003,,,,,,SX03
SX56,,SX56,Sexual Offences Act 1956,,,,,,SX56
SX67,,SX67,Sexual Offences Act 1967,,,,,,SX67
SX85,,SX85,Sexual Offences Act 1985,,,,,,SX85
TA02,,TA02,Tobacco Advertising and Promotion Act 2002,,,,,,TA02
TA06,,TA06,Technical Assistance Control Regulations 2006,,,,,,TA06
TA27,,TA27,Transit of Animals Order 1927,,,,,,TA27
TA96,,TA96,Treasure Act 1996,,,,,,TA96
TB02,,TB02,Tobacco Products (Manufacture Presentation and Sale) (Safety) Regulations 2002.,,,,,,TB02
TC02,,TC02,Tax Credits Act 2002,,,,,,TC02
TC90,,TC90,Town and Country Planning Act 1990,,,,,,TC90
TD58,,TD58,Trading Representations (Disabled Persons) Act 1958,,,,,,TD58
TD68,,TD68,Trade Descriptions Act 1968,,,,,,TD68
TE06,,TE06,Terrorism (United Nations Measures) Order 2006,,,,,,TE06
TG03,,TG03,Trade in Goods (Control) Order 2003,,,,,,TG03
TG63,,TG63,Town Gardens Protection Act 1863,,,,,,TG63
TH68,,TH68,Theft Act 1968,,,,,,TH68
TH78,,TH78,Theft Act 1978,,,,,,TH78
TH82,,TH82,Taking of Hostages Act 1982,,,,,,TH82
TI47,,TI47,Towns Improvement Clauses Act 1847,,,,,,TI47
TK31,,TK31,Truck Act 1831,,,,,,TK31
TL68,,TL68,Telegraph Act 1868,,,,,,TL68
TL84,,TL84,Telecommunications Act 1984,,,,,,TL84
TM04,,TM04,Traffic Management Act 2004,,,,,,TM04
TM38,,TM38,Trade Marks Act 1938,,,,,,TM38
TM69,,TM69,Tattooing of Minors Act 1969,,,,,,TM69
TM70,,TM70,Taxes Management Act 1970,,,,,,TM70
TM94,,TM94,Trade Marks Act 1994,,,,,,TM94
TN42,,TN42,Treason Act 1842,,,,,,TN42
TN48,,TN48,Treason Felony Act 1848,,,,,,TN48
TN51,,TN51,Treason Act 1351,,,,,,TN51
TN95,,TN95,Treason Act 1795,,,,,,TN95
TP47,,TP47,Town Police Clauses Act 1847,,,,,,TP47
TR00,,TR00,Transport Act 2000,,,,,,TR00
TR06,,TR06,Terrorism Act 2006,,,,,,TR06
TR68,,TR68,Transport Act 1968,,,,,,TR68
TR80,,TR80,Transport Act 1980,,,,,,TR80
TS02,,TS02,Traffic Signs Regulations and General Directions 2002,,,,,,TS02
TS56,,TS56,Therapeutic Substances Act 1956,,,,,,TS56
TS64,,TS64,Trading Stamps Act 1964,,,,,,TS64
TS81,,TS81,Traffic Signs Regulations and General Directions 1981,,,,,,TS81
TS92,,TS92,Timeshare Act 1992,,,,,,TS92
TT68,,TT68,Theatres Act 1968,,,,,,TT68
TT92,,TT92,Telecommunications Terminal Equipment Regulations 1992,,,,,,TT92
TU74,,TU74,Trade Union and Labour Relations Act 1974,,,,,,TU74
TU92,,TU92,Trade Union and Labour Relations (Consolidation) Act 1992,,,,,,TU92
TW70,,TW70,Tramways Act 1870,,,,,,TW70
TW92,,TW92,Transport and Works Act 1992,,,,,,TW92
UD19,,UD19,Unlawful Drilling Act 1819,,,,,,UD19
UN94,,UN94,Uniforms Act 1894,,,,,,UN94
UN97,,UN97,United Nations Personnel Act 1997,,,,,,UN97
US71,,US71,Unsolicited Goods and Services Act 1971,,,,,,US71
VA83,,VA83,Value Added Tax Act 1983,,,,,,VA83
VA94,,VA94,Value Added Tax Act 1994,,,,,,VA94
VC01,,VC01,Vehicles (Crime) Act 2001,,,,,,VC01
VC06,,VC06,Violent Crime Reduction Act 2006,,,,,,VC06
VD07,,VD07,Vehicle Drivers (Certificates of Professional Competence) Regulations 2007,,,,,,VD07
VD17,,VD17,Venereal Diseases Act 1917,,,,,,VD17
VE02,,VE02,Road Traffic (Vehicle Emissions) (Fixed penalty) (England) Regs 2002,,,,,,VE02
VE71,,VE71,Vehicles (Excise) Act 1971,,,,,,VE71
VE94,,VE94,Vehicle Excise and Registration Act 1994,,,,,,VE94
VE97,,VE97,Vehicle Excise Duty (Immobilisation Removal & Disposal of Vehicles) Regulations 1997,,,,,,VE97
VG24,,VG24,Vagrancy Act 1824,,,,,,VG24
VM05,,VM05,Veterinary Medicines Regulations 2005,,,,,,VM05
VM06,,VM06,Veterinary Medicines Regulations 2006,,,,,,VM06
VR84,,VR84,Video Recordings Act 1984,,,,,,VR84
VS66,,VS66,Veterinary Surgeons Act 1966,,,,,,VS66
WA95,,WA95,Welfare of Animals (Slaughter and Killing) Regulations 1995,,,,,,WA95
WC40,,WC40,War Charities Act 1940,,,,,,WC40
WC81,,WC81,Wildlife and Countryside Act 1981,,,,,,WC81
WE03,,WE03,Waste and Emissions Trading Act 2003,,,,,,WE03
WE59,,WE59,Weeds Act 1959,,,,,,WE59
WI34,,WI34,Whaling Industry (Regulation) Act 1934,,,,,,WI34
WI91,,WI91,Water Industry Act 1991,,,,,,WI91
WM85,,WM85,Weights and Measures Act 1985,,,,,,WM85
WM96,,WM96,Wild Mammals (Protection) Act 1996,,,,,,WM96
WR03,,WR03,Water Act 2003,,,,,,WR03
WR45,,WR45,Water Act 1945,,,,,,WR45
WR63,,WR63,Water Resources Act 1963,,,,,,WR63
WR91,,WR91,Water Resources Act 1991,,,,,,WR91
WS89,,WS89,Water Supply (Water Quality) Regulations 1989,,,,,,WS89
WT06,,WT06,Wireless Telegraphy Act 2006,,,,,,WT06
WT49,,WT49,Wireless Telegraphy Act 1949,,,,,,WT49
WT67,,WT67,Wireless Telegraphy Act 1967,,,,,,WT67
YJ99,,YJ99,Youth Justice and Criminal Evidence Act 1999,,,,,,YJ99
ZP71,,ZP71,Zebra Pedestrian Crossing Regulations 1971,,,,,,ZP71
ZP97,,ZP97,"Zebra, Pelican & Puffin Pedestrian Crossings Reg's & General Directions 1997",,,,,,ZP97